{"cameraMode":{"drawMode":0,"name":"Shaded","section":"Shading Mode"},"sceneLighting":true,"audioPlay":false,"sceneViewState":{"showFog":true,"showMaterialUpdate":false,"showSkybox":true,"showFlares":true,"showImageEffects":true,"showParticleSystems":true},"in2DMode":false,"pivot":{"x":35.2139778137207,"y":17.36839485168457,"z":483.30413818359377},"rotation":{"x":0.007155826315283775,"y":0.09793704748153687,"z":0.0007041870267130435,"w":-0.9951667189598084},"size":173.63641357421876,"orthographic":false}