{"cameraMode":{"drawMode":0,"name":"Shaded","section":"Shading Mode"},"sceneLighting":false,"audioPlay":false,"sceneViewState":{"showFog":true,"showMaterialUpdate":false,"showSkybox":true,"showFlares":true,"showImageEffects":true,"showParticleSystems":true},"in2DMode":false,"pivot":{"x":52.88666915893555,"y":2.3916091918945314,"z":465.4506530761719},"rotation":{"x":0.01104268990457058,"y":0.9863671064376831,"z":-0.07442367076873779,"w":0.14635276794433595},"size":35.397071838378909,"orthographic":false}