{"cameraMode":{"drawMode":0,"name":"Shaded","section":"Shading Mode"},"sceneLighting":false,"audioPlay":false,"sceneViewState":{"showFog":true,"showMaterialUpdate":false,"showSkybox":true,"showFlares":true,"showImageEffects":true,"showParticleSystems":true},"in2DMode":false,"pivot":{"x":14.779400825500489,"y":31.844972610473634,"z":83.68475341796875},"rotation":{"x":-0.19388683140277863,"y":-0.37792497873306277,"z":0.0812671035528183,"w":-0.9016519784927368},"size":9.450753211975098,"orthographic":false}