{"cameraMode":{"drawMode":0,"name":"Shaded","section":"Shading Mode"},"sceneLighting":false,"audioPlay":false,"sceneViewState":{"showFog":true,"showMaterialUpdate":false,"showSkybox":true,"showFlares":true,"showImageEffects":true,"showParticleSystems":true},"in2DMode":false,"pivot":{"x":14.83132553100586,"y":31.322547912597658,"z":83.517822265625},"rotation":{"x":-0.13649292290210725,"y":0.5811464786529541,"z":-0.09964393824338913,"w":-0.7960588335990906},"size":8.5660400390625,"orthographic":false}