{"cameraMode":{"drawMode":0,"name":"Shaded","section":"Shading Mode"},"sceneLighting":false,"audioPlay":false,"sceneViewState":{"showFog":true,"showMaterialUpdate":false,"showSkybox":true,"showFlares":true,"showImageEffects":true,"showParticleSystems":true},"in2DMode":false,"pivot":{"x":44.1829948425293,"y":4.871908187866211,"z":478.4235534667969},"rotation":{"x":-0.30004867911338808,"y":-0.01946137100458145,"z":0.00612234603613615,"w":-0.9537057876586914},"size":13.45205020904541,"orthographic":false}