{"cameraMode":{"drawMode":0,"name":"Shaded","section":"Shading Mode"},"sceneLighting":true,"audioPlay":false,"sceneViewState":{"showFog":true,"showMaterialUpdate":false,"showSkybox":true,"showFlares":true,"showImageEffects":true,"showParticleSystems":true},"in2DMode":false,"pivot":{"x":79.96949005126953,"y":76.53675842285156,"z":478.1525573730469},"rotation":{"x":-0.24298366904258729,"y":0.16834068298339845,"z":-0.04286070540547371,"w":-0.9543497562408447},"size":250.59613037109376,"orthographic":false}