{"cameraMode":{"drawMode":0,"name":"Shaded","section":"Shading Mode"},"sceneLighting":false,"audioPlay":false,"sceneViewState":{"showFog":true,"showMaterialUpdate":false,"showSkybox":true,"showFlares":true,"showImageEffects":true,"showParticleSystems":true},"in2DMode":false,"pivot":{"x":46.874061584472659,"y":26.453954696655275,"z":464.0},"rotation":{"x":-0.1564779281616211,"y":0.7897611856460571,"z":-0.2252274751663208,"w":-0.5486935377120972},"size":51.15457534790039,"orthographic":false}