{"cameraMode":{"drawMode":0,"name":"Shaded","section":"Shading Mode"},"sceneLighting":false,"audioPlay":false,"sceneViewState":{"showFog":true,"showMaterialUpdate":false,"showSkybox":true,"showFlares":true,"showImageEffects":true,"showParticleSystems":true},"in2DMode":false,"pivot":{"x":-0.8596560955047607,"y":7.332144737243652,"z":-2.061648368835449},"rotation":{"x":-0.015510652214288712,"y":0.9625203609466553,"z":-0.26483285427093508,"w":-0.05637115612626076},"size":30.490432739257814,"orthographic":false}