{"cameraMode":{"drawMode":0,"name":"Shaded","section":"Shading Mode"},"sceneLighting":false,"audioPlay":false,"sceneViewState":{"showFog":true,"showMaterialUpdate":false,"showSkybox":true,"showFlares":true,"showImageEffects":true,"showParticleSystems":true},"in2DMode":false,"pivot":{"x":-0.03459477424621582,"y":4.548245429992676,"z":0.32747912406921389},"rotation":{"x":-0.015606824308633805,"y":0.9601814150810242,"z":-0.273507297039032,"w":-0.05478969216346741},"size":276.8085632324219,"orthographic":false}