{"cameraMode":{"drawMode":0,"name":"Shaded","section":"Shading Mode"},"sceneLighting":false,"audioPlay":false,"sceneViewState":{"showFog":true,"showMaterialUpdate":false,"showSkybox":true,"showFlares":true,"showImageEffects":true,"showParticleSystems":true},"in2DMode":false,"pivot":{"x":-0.06918954849243164,"y":11.096490859985352,"z":0.6549582481384277},"rotation":{"x":-0.04596451669931412,"y":0.9509254693984985,"z":-0.1733434498310089,"w":-0.25215110182762148},"size":44.19758605957031,"orthographic":false}