{"cameraMode":{"drawMode":0,"name":"Shaded","section":"Shading Mode"},"sceneLighting":false,"audioPlay":false,"sceneViewState":{"showFog":true,"showMaterialUpdate":false,"showSkybox":true,"showFlares":true,"showImageEffects":true,"showParticleSystems":true},"in2DMode":false,"pivot":{"x":46.83454895019531,"y":8.579875946044922,"z":464.0},"rotation":{"x":-0.15814872086048127,"y":0.8399983048439026,"z":-0.33532026410102847,"w":-0.3961721360683441},"size":33.14427185058594,"orthographic":false}