{"cameraMode":{"drawMode":0,"name":"Shaded","section":"Shading Mode"},"sceneLighting":false,"audioPlay":false,"sceneViewState":{"showFog":true,"showMaterialUpdate":false,"showSkybox":true,"showFlares":true,"showImageEffects":true,"showParticleSystems":true},"in2DMode":false,"pivot":{"x":65.61285400390625,"y":5.842450141906738,"z":469.53033447265627},"rotation":{"x":-0.02396862395107746,"y":0.9747623205184937,"z":-0.12972812354564668,"w":-0.18009604513645173},"size":2.8578836917877199,"orthographic":false}