{"cameraMode":{"drawMode":0,"name":"Shaded","section":"Shading Mode"},"sceneLighting":true,"audioPlay":false,"sceneViewState":{"showFog":true,"showMaterialUpdate":false,"showSkybox":true,"showFlares":true,"showImageEffects":true,"showParticleSystems":true},"in2DMode":false,"pivot":{"x":65.6827621459961,"y":4.346349239349365,"z":469.9376525878906},"rotation":{"x":-0.02396862395107746,"y":0.9747623205184937,"z":-0.12972812354564668,"w":-0.18009604513645173},"size":15.34962272644043,"orthographic":false}