{"cameraMode":{"drawMode":0,"name":"Shaded","section":"Shading Mode"},"sceneLighting":false,"audioPlay":false,"sceneViewState":{"showFog":true,"showMaterialUpdate":false,"showSkybox":true,"showFlares":true,"showImageEffects":true,"showParticleSystems":true},"in2DMode":false,"pivot":{"x":0.5397286415100098,"y":4.5100016593933109,"z":-0.17982912063598634},"rotation":{"x":-0.2009056955575943,"y":0.7927040457725525,"z":-0.4594779312610626,"w":-0.34660834074020388},"size":30.00716781616211,"orthographic":false}