{"cameraMode":{"drawMode":0,"name":"Shaded","section":"Shading Mode"},"sceneLighting":false,"audioPlay":false,"sceneViewState":{"showFog":true,"showMaterialUpdate":false,"showSkybox":true,"showFlares":true,"showImageEffects":true,"showParticleSystems":true},"in2DMode":false,"pivot":{"x":152.1229248046875,"y":13.396425247192383,"z":476.7157897949219},"rotation":{"x":0.1719144880771637,"y":0.8028794527053833,"z":-0.27635297179222109,"w":0.49945884943008425},"size":45.168460845947269,"orthographic":false}