{"cameraMode":{"drawMode":0,"name":"Shaded","section":"Shading Mode"},"sceneLighting":false,"audioPlay":false,"sceneViewState":{"showFog":true,"showMaterialUpdate":false,"showSkybox":true,"showFlares":true,"showImageEffects":true,"showParticleSystems":true},"in2DMode":false,"pivot":{"x":130.34121704101563,"y":6.140054702758789,"z":444.6804504394531},"rotation":{"x":-0.006465194281190634,"y":0.9931288361549377,"z":-0.0671381801366806,"w":-0.09563441574573517},"size":18.821439743041993,"orthographic":false}