{"cameraMode":{"drawMode":0,"name":"Shaded","section":"Shading Mode"},"sceneLighting":false,"audioPlay":false,"sceneViewState":{"showFog":true,"showMaterialUpdate":false,"showSkybox":true,"showFlares":true,"showImageEffects":true,"showParticleSystems":true},"in2DMode":false,"pivot":{"x":149.09280395507813,"y":15.16258430480957,"z":467.9013977050781},"rotation":{"x":-0.011142781935632229,"y":0.9869290590286255,"z":-0.14039844274520875,"w":-0.07832750678062439},"size":67.81527709960938,"orthographic":false}