{"cameraMode":{"drawMode":0,"name":"Shaded","section":"Shading Mode"},"sceneLighting":false,"audioPlay":false,"sceneViewState":{"showFog":true,"showMaterialUpdate":false,"showSkybox":true,"showFlares":true,"showImageEffects":true,"showParticleSystems":true},"in2DMode":false,"pivot":{"x":46.83454895019531,"y":8.291158676147461,"z":464.0},"rotation":{"x":-0.009521118365228176,"y":0.9859592914581299,"z":-0.15538255870342256,"w":-0.060415152460336688},"size":46.40605163574219,"orthographic":false}