{"cameraMode":{"drawMode":0,"name":"Shaded","section":"Shading Mode"},"sceneLighting":false,"audioPlay":false,"sceneViewState":{"showFog":true,"showMaterialUpdate":false,"showSkybox":true,"showFlares":true,"showImageEffects":true,"showParticleSystems":true},"in2DMode":false,"pivot":{"x":14.837865829467774,"y":30.846254348754884,"z":83.72941589355469},"rotation":{"x":-0.011142781935632229,"y":0.9869290590286255,"z":-0.14039844274520875,"w":-0.07832750678062439},"size":6.511645317077637,"orthographic":false}