{"cameraMode":{"drawMode":0,"name":"Shaded","section":"Shading Mode"},"sceneLighting":false,"audioPlay":false,"sceneViewState":{"showFog":true,"showMaterialUpdate":false,"showSkybox":true,"showFlares":true,"showImageEffects":true,"showParticleSystems":true},"in2DMode":false,"pivot":{"x":130.34121704101563,"y":6.140054702758789,"z":444.6804504394531},"rotation":{"x":-0.011142781935632229,"y":0.9869290590286255,"z":-0.14039844274520875,"w":-0.07832750678062439},"size":18.521440505981447,"orthographic":false}