{"cameraMode":{"drawMode":0,"name":"Shaded","section":"Shading Mode"},"sceneLighting":false,"audioPlay":false,"sceneViewState":{"showFog":true,"showMaterialUpdate":false,"showSkybox":true,"showFlares":true,"showImageEffects":true,"showParticleSystems":true},"in2DMode":false,"pivot":{"x":41.15694046020508,"y":8.579875946044922,"z":1.9568860530853272},"rotation":{"x":-0.09699469804763794,"y":0.5227419137954712,"z":-0.06001612916588783,"w":-0.8448259830474854},"size":38.7086181640625,"orthographic":false}