{"cameraMode":{"drawMode":0,"name":"Shaded","section":"Shading Mode"},"sceneLighting":false,"audioPlay":false,"sceneViewState":{"showFog":true,"showMaterialUpdate":false,"showSkybox":true,"showFlares":true,"showImageEffects":true,"showParticleSystems":true},"in2DMode":false,"pivot":{"x":49.129051208496097,"y":4.946717262268066,"z":465.1419372558594},"rotation":{"x":0.06746473163366318,"y":0.9279316067695618,"z":-0.20683111250400544,"w":0.30267518758773806},"size":19.306819915771486,"orthographic":false}