{"cameraMode":{"drawMode":0,"name":"Shaded","section":"Shading Mode"},"sceneLighting":false,"audioPlay":false,"sceneViewState":{"showFog":true,"showMaterialUpdate":false,"showSkybox":true,"showFlares":true,"showImageEffects":true,"showParticleSystems":true},"in2DMode":false,"pivot":{"x":14.951950073242188,"y":1.8857288360595704,"z":83.38611602783203},"rotation":{"x":-0.10147880762815476,"y":0.112265944480896,"z":-0.011526023969054222,"w":-0.9884157180786133},"size":8.281359672546387,"orthographic":false}