{"cameraMode":{"drawMode":0,"name":"Shaded","section":"Shading Mode"},"sceneLighting":false,"audioPlay":false,"sceneViewState":{"showFog":true,"showMaterialUpdate":false,"showSkybox":true,"showFlares":true,"showImageEffects":true,"showParticleSystems":true},"in2DMode":false,"pivot":{"x":137.45066833496095,"y":6.184379577636719,"z":143.42657470703126},"rotation":{"x":-0.4073302149772644,"y":0.5836904048919678,"z":-0.5590173602104187,"w":-0.425308495759964},"size":148.04391479492188,"orthographic":false}