{"cameraMode":{"drawMode":0,"name":"Shaded","section":"Shading Mode"},"sceneLighting":false,"audioPlay":false,"sceneViewState":{"showFog":true,"showMaterialUpdate":false,"showSkybox":true,"showFlares":true,"showImageEffects":true,"showParticleSystems":true},"in2DMode":false,"pivot":{"x":65.61285400390625,"y":5.842450141906738,"z":469.53033447265627},"rotation":{"x":-0.44342705607414248,"y":0.5500119924545288,"z":-0.5543320178985596,"w":-0.439971923828125},"size":0.5715853571891785,"orthographic":false}