{"cameraMode":{"drawMode":0,"name":"Shaded","section":"Shading Mode"},"sceneLighting":false,"audioPlay":false,"sceneViewState":{"showFog":true,"showMaterialUpdate":false,"showSkybox":true,"showFlares":true,"showImageEffects":true,"showParticleSystems":true},"in2DMode":false,"pivot":{"x":0.6448140144348145,"y":4.338804244995117,"z":-0.09325432777404785},"rotation":{"x":-0.01642686501145363,"y":0.9559706449508667,"z":-0.28787961602211,"w":-0.05455003306269646},"size":23.99917221069336,"orthographic":false}