{"cameraMode":{"drawMode":0,"name":"Shaded","section":"Shading Mode"},"sceneLighting":false,"audioPlay":false,"sceneViewState":{"showFog":true,"showMaterialUpdate":false,"showSkybox":true,"showFlares":true,"showImageEffects":true,"showParticleSystems":true},"in2DMode":false,"pivot":{"x":-0.03459477424621582,"y":4.548245429992676,"z":0.32747912406921389},"rotation":{"x":-0.01642686501145363,"y":0.9559706449508667,"z":-0.28787961602211,"w":-0.05455003306269646},"size":23.166608810424806,"orthographic":false}