{"cameraMode":{"drawMode":0,"name":"Shaded","section":"Shading Mode"},"sceneLighting":false,"audioPlay":false,"sceneViewState":{"showFog":true,"showMaterialUpdate":false,"showSkybox":true,"showFlares":true,"showImageEffects":true,"showParticleSystems":true},"in2DMode":false,"pivot":{"x":-0.5056800842285156,"y":4.313026428222656,"z":-1.2127342224121094},"rotation":{"x":-0.01642686501145363,"y":0.9559706449508667,"z":-0.28787961602211,"w":-0.05455003306269646},"size":17.935548782348634,"orthographic":false}