{"cameraMode":{"drawMode":0,"name":"Shaded","section":"Shading Mode"},"sceneLighting":false,"audioPlay":false,"sceneViewState":{"showFog":true,"showMaterialUpdate":false,"showSkybox":true,"showFlares":true,"showImageEffects":true,"showParticleSystems":true},"in2DMode":false,"pivot":{"x":-1.6215298175811768,"y":4.289937973022461,"z":0.9784430265426636},"rotation":{"x":-0.01642686501145363,"y":0.9559706449508667,"z":-0.28787961602211,"w":-0.05455003306269646},"size":19.354307174682618,"orthographic":false}